Query,Impressions,Clicks,CTR,Position
heat pump installation denver,1245,89,7.1%,4.8
furnace repair denver,987,72,7.3%,5.2
ac repair denver,876,61,7.0%,5.5
hvac denver,812,54,6.7%,6.3
furnace installation denver metro,654,42,6.4%,7.1
ac installation wheat ridge,432,28,6.5%,6.8
heat pump repair arvada,387,24,6.2%,8.2
furnace repair wheat ridge,345,21,6.1%,7.9
denver hvac company,312,19,6.1%,9.3
ac repair lakewood co,287,17,5.9%,8.7
boiler repair denver,234,14,6.0%,10.2
radiant floor heating denver,198,11,5.6%,11.4
emergency furnace repair denver,176,13,7.4%,6.1
heat pump vs furnace colorado,156,9,5.8%,12.8
russell comfort solutions,134,28,20.9%,1.2
hvac company near me wheat ridge,112,8,7.1%,7.4
golden co ac repair,98,6,6.1%,9.8
thornton furnace installation,87,5,5.7%,10.5
